card,matches_played,wins,losses,popularity,win_rate,win_rate_diff,status
Goblin Gang,3354,1878,1476,0.12874251497005987,0.5599284436493739,0.059928443649373886,Strong/Meta
The Log,7328,4097,3231,0.28128358667280823,0.5590884279475983,0.05908842794759828,Strong/Meta
Ice Spirit,3208,1788,1420,0.12313833870720098,0.557356608478803,0.05735660847880297,Strong/Meta
Tesla,3964,2208,1756,0.15215722401351145,0.557013118062563,0.05701311806256304,Strong/Meta
Knight,4872,2686,2186,0.18701059419622293,0.5513136288998358,0.05131362889983582,Strong/Meta
Hog Rider,5764,3176,2588,0.22124980807615538,0.5510062456627343,0.05100624566273426,Strong/Meta
Skeletons,3754,2062,1692,0.1440964225395363,0.5492807671816728,0.04928076718167285,Strong/Meta
Musketeer,2191,1189,1002,0.08410102871180715,0.5426745778183478,0.042674577818347825,Strong/Meta
Cannon,2784,1507,1277,0.10686319668355597,0.5413074712643678,0.041307471264367845,Strong/Meta
Goblin Barrel,5280,2842,2438,0.2026715799170889,0.5382575757575757,0.03825757575757571,Strong/Meta
Fireball,4825,2594,2231,0.18520651005680946,0.5376165803108808,0.037616580310880776,Strong/Meta
Firecracker,6989,3729,3260,0.26827115000767693,0.5335527257118329,0.033552725711832876,Strong/Meta
Barbarian Barrel,1966,1045,921,0.07546445570397667,0.5315361139369278,0.03153611393692779,Strong/Meta
Electro Wizard,2978,1581,1397,0.11430984185475203,0.5308932169241102,0.03089321692411018,Strong/Meta
Bowler,1144,607,537,0.043912175648702596,0.5305944055944056,0.030594405594405627,Strong/Meta
Valkyrie,6916,3636,3280,0.2654690618762475,0.5257374204742625,0.02573742047426253,Strong/Meta
Zap,3821,2007,1814,0.14666820205742362,0.525255168803978,0.025255168803978045,Strong/Meta
Ronin,3069,1612,1457,0.11780285582680793,0.5252525252525253,0.025252525252525304,Strong/Meta
Prince,2358,1235,1123,0.09051128512206356,0.5237489397794741,0.02374893977947412,Strong/Meta
Arrows,7021,3662,3359,0.26949946261323504,0.5215781227745335,0.021578122774533526,Strong/Meta
Inferno Tower,1583,821,762,0.06076308920620298,0.5186355022109918,0.01863550221099175,Strong/Meta
Dart Goblin,3918,2023,1895,0.15039152464302166,0.5163348647269015,0.016334864726901488,Strong/Meta
Rascals,432,223,209,0.016582220175034548,0.5162037037037037,0.01620370370370372,Underrated
P.E.K.K.A,2228,1149,1079,0.08552126516198373,0.5157091561938959,0.0157091561938959,Strong/Meta
Lumberjack,1915,987,928,0.07350683248886841,0.5154046997389033,0.015404699738903349,Strong/Meta
Ice Golem,864,445,419,0.033164440350069095,0.5150462962962963,0.01504629629629628,Underrated
Princess,2529,1297,1232,0.09707508060801474,0.512850929221036,0.012850929221036034,Strong/Meta
Dark Prince,1681,862,819,0.0645247965607247,0.5127900059488399,0.012790005948839944,Strong/Meta
Mega Knight,7045,3608,3437,0.2704206970674037,0.5121362668559262,0.01213626685592617,Strong/Meta
Archers,1441,737,704,0.055312452019038845,0.5114503816793893,0.011450381679389277,Strong/Meta
Mini P.E.K.K.A,5498,2796,2702,0.21103945954245357,0.5085485631138595,0.008548563113859542,Strong/Meta
Skeleton Army,5568,2830,2738,0.21372639336711194,0.5082614942528736,0.008261494252873591,Strong/Meta
Battle Ram,784,396,388,0.030093658836173806,0.5051020408163265,0.005102040816326481,Underrated
Bandit,882,445,437,0.033855366190695534,0.5045351473922902,0.0045351473922902175,Underrated
Witch,7938,3986,3952,0.3046982957162598,0.5021415973796927,0.0021415973796926613,Strong/Meta
Wall Breakers,1415,708,707,0.05431444802702288,0.5003533568904593,0.00035335689045934426,Strong/Meta
Baby Dragon,2232,1115,1117,0.0856748042376785,0.49955197132616486,-0.00044802867383514355,Overrated
Hunter,731,365,366,0.028059266083218178,0.4993160054719562,-0.0006839945280437965,Weak/Niche
Royal Ghost,1029,511,518,0.03949792722247812,0.4965986394557823,-0.003401360544217691,Weak/Niche
Skeleton Barrel,1747,862,885,0.06705819130968832,0.4934172867773326,-0.006582713222667402,Overrated
Bats,3568,1760,1808,0.13695685551972978,0.49327354260089684,-0.006726457399103158,Overrated
Monk,355,175,180,0.013626592967910333,0.49295774647887325,-0.007042253521126751,Weak/Niche
Ice Wizard,777,381,396,0.02982496545370797,0.49034749034749037,-0.009652509652509633,Weak/Niche
Heal Spirit,308,151,157,0.011822508828496852,0.4902597402597403,-0.009740259740259716,Weak/Niche
Minions,1923,942,981,0.07381391064025794,0.48985959438377535,-0.010140405616224646,Overrated
Royal Delivery,1029,502,527,0.03949792722247812,0.4878522837706511,-0.012147716229348904,Weak/Niche
Golden Knight,1820,887,933,0.06986027944111776,0.48736263736263735,-0.012637362637362648,Overrated
Mighty Miner,679,330,349,0.02606325809918624,0.48600883652430044,-0.013991163475699564,Weak/Niche
Earthquake,659,320,339,0.02529556272071242,0.48558421851289835,-0.014415781487101653,Weak/Niche
Fisherman,371,180,191,0.01424074927068939,0.48517520215633425,-0.014824797843665749,Weak/Niche
Elite Barbarians,1462,706,756,0.056118532166436357,0.4829001367989056,-0.017099863201094412,Overrated
Executioner,1918,926,992,0.07362198679563949,0.48279457768508866,-0.017205422314911345,Overrated
Sparky,1121,541,580,0.0430293259634577,0.4826048171275647,-0.0173951828724353,Overrated
Giant Snowball,955,460,495,0.03665745432212498,0.4816753926701571,-0.018324607329842924,Weak/Niche
Goblin Drill,223,107,116,0.008559803469983111,0.4798206278026906,-0.02017937219730942,Weak/Niche
Magic Archer,1445,693,752,0.05546599109473361,0.4795847750865052,-0.02041522491349479,Overrated
Wizard,5398,2584,2814,0.20720098265008444,0.47869581326417193,-0.021304186735828068,Overrated
Goblin Cage,524,250,274,0.020113618916014125,0.4770992366412214,-0.02290076335877861,Weak/Niche
Royal Giant,1155,551,604,0.0443344081068632,0.47705627705627707,-0.022943722943722933,Overrated
Inferno Dragon,1926,918,1008,0.07392906494702901,0.4766355140186916,-0.023364485981308414,Overrated
Electro Spirit,1065,507,558,0.040879778903731,0.476056338028169,-0.02394366197183101,Overrated
Little Prince,335,159,176,0.012858897589436511,0.4746268656716418,-0.025373134328358193,Weak/Niche
Mortar,552,261,291,0.021188392445877474,0.47282608695652173,-0.02717391304347827,Weak/Niche
Ram Rider,1118,527,591,0.04291417165668663,0.47137745974955275,-0.028622540250447248,Overrated
Goblins,870,410,460,0.03339474896361124,0.47126436781609193,-0.028735632183908066,Weak/Niche
Guards,1062,499,563,0.040764624596959925,0.4698681732580038,-0.030131826741996215,Weak/Niche
Giant,450,211,239,0.017273146015660986,0.4688888888888889,-0.03111111111111109,Weak/Niche
Balloon,2267,1050,1217,0.08701827115000768,0.4631671812968681,-0.036832818703131875,Overrated
Tornado,1026,474,552,0.03938277291570705,0.4619883040935672,-0.038011695906432774,Weak/Niche
Archer Queen,459,212,247,0.017618608935974205,0.46187363834422657,-0.03812636165577343,Weak/Niche
Boss Bandit,1364,629,735,0.05235682481191463,0.46114369501466274,-0.038856304985337264,Overrated
Rocket,1158,530,628,0.04444956241363427,0.45768566493955093,-0.04231433506044907,Overrated
Poison,989,452,537,0.03796253646553048,0.4570273003033367,-0.042972699696663286,Weak/Niche
Mega Minion,643,293,350,0.024681406417933364,0.4556765163297045,-0.04432348367029548,Weak/Niche
Giant Skeleton,1105,502,603,0.04241516966067864,0.45429864253393665,-0.04570135746606335,Overrated
Minion Horde,1767,801,966,0.06782588668816214,0.4533106960950764,-0.046689303904923596,Overrated
Zappies,384,173,211,0.014739751266697375,0.4505208333333333,-0.049479166666666685,Weak/Niche
X-Bow,462,208,254,0.01773376324274528,0.45021645021645024,-0.04978354978354976,Weak/Niche
Golem,936,418,518,0.03592814371257485,0.4465811965811966,-0.053418803418803396,Weak/Niche
Rage,2118,945,1173,0.0812989405803777,0.4461756373937677,-0.0538243626062323,Overrated
Skeleton King,1062,473,589,0.040764624596959925,0.4453860640301318,-0.05461393596986819,Weak/Niche
Tombstone,1111,494,617,0.04264547827422079,0.4446444644464446,-0.05535553555355538,Overrated
Cannon Cart,341,150,191,0.013089206202978657,0.4398826979472141,-0.060117302052785926,Weak/Niche
Electro Dragon,777,339,438,0.02982496545370797,0.4362934362934363,-0.06370656370656369,Weak/Niche
Furnace,1063,462,601,0.040803009365883616,0.43461900282220134,-0.06538099717779866,Overrated
Skeleton Dragons,462,198,264,0.01773376324274528,0.42857142857142855,-0.07142857142857145,Weak/Niche
Barbarians,1326,567,759,0.05089820359281437,0.4276018099547511,-0.07239819004524889,Overrated
Royal Hogs,1363,579,784,0.05231844004299094,0.4247982391782832,-0.07520176082171681,Overrated
Goblin Demolisher,186,79,107,0.00713956701980654,0.42473118279569894,-0.07526881720430106,Weak/Niche
Lightning,988,416,572,0.03792415169660679,0.42105263157894735,-0.07894736842105265,Weak/Niche
Royal Recruits,556,234,322,0.021341931521572242,0.420863309352518,-0.07913669064748202,Weak/Niche
Night Witch,498,208,290,0.01911561492399816,0.41767068273092367,-0.08232931726907633,Weak/Niche
Spear Goblins,644,267,377,0.024719791186857056,0.41459627329192544,-0.08540372670807456,Weak/Niche
Miner,1082,445,637,0.041532319975433746,0.411275415896488,-0.08872458410351203,Overrated
Freeze,1286,528,758,0.04936281283586673,0.4105754276827372,-0.08942457231726281,Overrated
Vines,1117,458,659,0.04287578688776294,0.41002685765443153,-0.08997314234556847,Overrated
Flying Machine,265,108,157,0.010171963764778136,0.4075471698113208,-0.09245283018867922,Weak/Niche
Electro Giant,448,182,266,0.017196376477813604,0.40625,-0.09375,Weak/Niche
Bomb Tower,607,246,361,0.023299554736680484,0.4052718286655684,-0.09472817133443162,Weak/Niche
Goblinstein,218,88,130,0.008367879625364656,0.4036697247706422,-0.09633027522935778,Weak/Niche
Mirror,1510,605,905,0.05796100107477353,0.40066225165562913,-0.09933774834437087,Overrated
Goblin Machine,95,38,57,0.0036465530477506527,0.4,-0.09999999999999998,Weak/Niche
Elixir Golem,1455,578,877,0.05584983878397052,0.3972508591065292,-0.10274914089347081,Overrated
Goblin Giant,355,140,215,0.013626592967910333,0.39436619718309857,-0.10563380281690143,Weak/Niche
Mother Witch,730,287,443,0.028020881314294487,0.39315068493150684,-0.10684931506849316,Weak/Niche
Suspicious Bush,210,79,131,0.008060801473975126,0.3761904761904762,-0.12380952380952381,Weak/Niche
Bomber,763,285,478,0.029287578688776295,0.3735255570117955,-0.12647444298820448,Weak/Niche
Graveyard,478,177,301,0.018347919545524335,0.3702928870292887,-0.1297071129707113,Weak/Niche
Goblin Hut,303,112,191,0.011630584983878397,0.3696369636963696,-0.1303630363036304,Weak/Niche
Lava Hound,256,92,164,0.009826500844464917,0.359375,-0.140625,Weak/Niche
Battle Healer,463,163,300,0.01777214801166897,0.35205183585313177,-0.14794816414686823,Weak/Niche
Phoenix,137,48,89,0.0052587133425456775,0.35036496350364965,-0.14963503649635035,Weak/Niche
Fire Spirit,705,247,458,0.02706126209120221,0.350354609929078,-0.14964539007092198,Weak/Niche
Spirit Empress,137,47,90,0.0052587133425456775,0.34306569343065696,-0.15693430656934304,Weak/Niche
Berserker,367,125,242,0.014087210194994626,0.3405994550408719,-0.1594005449591281,Weak/Niche
Clone,661,224,437,0.025372332258559803,0.3388804841149773,-0.1611195158850227,Weak/Niche
Elixir Collector,459,155,304,0.017618608935974205,0.33769063180827885,-0.16230936819172115,Weak/Niche
Void,249,84,165,0.00955780746199908,0.3373493975903614,-0.16265060240963858,Weak/Niche
Goblin Curse,481,162,319,0.018463073852295408,0.3367983367983368,-0.16320166320166318,Weak/Niche
Three Musketeers,236,64,172,0.009058805465991094,0.2711864406779661,-0.2288135593220339,Weak/Niche
Barbarian Hut,143,37,106,0.0054890219560878245,0.25874125874125875,-0.24125874125874125,Weak/Niche
Rune Giant,31,6,25,0.0011899278366344235,0.1935483870967742,-0.3064516129032258,Weak/Niche
