deck,matches_played,wins,losses,win_rate,wilson_score
"Earthquake,Firecracker,Hog Rider,Ice Spirit,Skeletons,Tesla,The Log,Valkyrie",141,98,43,0.6950354609929078,0.6147057091556626
"Earthquake,Firecracker,Hog Rider,Ice Spirit,Knight,Skeletons,Tesla,The Log",115,77,38,0.6695652173913044,0.5793375213401958
"Cannon,Fireball,Hog Rider,Ice Spirit,Knight,Musketeer,Skeletons,The Log",154,101,53,0.6558441558441559,0.5778362586801595
"Cannon,Dart Goblin,Goblin Barrel,Goblin Gang,Ice Spirit,Knight,Princess,The Log",149,96,53,0.6442953020134228,0.5646852607102703
"Dart Goblin,Goblin Barrel,Inferno Tower,Knight,Princess,Skeleton Army,Skeleton Barrel,The Log",103,68,35,0.6601941747572816,0.5644371441570132
"Barbarian Barrel,Earthquake,Electro Spirit,Firecracker,Hog Rider,Mighty Miner,Skeletons,Tesla",61,42,19,0.6885245901639344,0.5640832930215206
"Archers,Fireball,Ice Spirit,Knight,Skeletons,Tesla,The Log,X-Bow",281,169,112,0.6014234875444839,0.5431800027855131
"Earthquake,Electro Spirit,Firecracker,Hog Rider,Mighty Miner,Skeletons,Tesla,The Log",61,40,21,0.6557377049180327,0.5304951542045838
"Goblin Barrel,Goblin Gang,Ice Spirit,Inferno Tower,Princess,Rocket,The Log,Valkyrie",174,105,69,0.603448275862069,0.529282182569054
"Bandit,Battle Ram,Electro Wizard,Magic Archer,P.E.K.K.A,Poison,Royal Ghost,Zap",110,68,42,0.6181818181818182,0.5248580322761885
"Earthquake,Firecracker,Hog Rider,Knight,Royal Delivery,Skeletons,Tesla,The Log",150,90,60,0.6,0.5200476798506318
"Cannon,Fireball,Hog Rider,Ice Golem,Ice Spirit,Musketeer,Skeletons,The Log",1513,824,689,0.5446133509583608,0.5194378463247408
"Goblin Barrel,Goblin Gang,Ice Spirit,Knight,Princess,Rocket,Tesla,The Log",135,80,55,0.5925925925925926,0.5082591296112864
"Barbarian Barrel,Berserker,Furnace,Goblin Hut,Graveyard,Ice Spirit,Knight,Poison",55,35,20,0.6363636363636364,0.5042251814868371
"Dart Goblin,Goblin Barrel,Ice Spirit,Inferno Tower,Knight,Princess,Skeleton Army,The Log",91,55,36,0.6043956043956044,0.5016642594838487
"Dart Goblin,Goblin Barrel,Goblin Gang,Ice Spirit,Inferno Tower,Knight,Princess,The Log",80,48,32,0.6,0.49045264548149986
"Goblin Barrel,Goblin Gang,Hog Rider,Inferno Tower,Princess,Rocket,Skeleton Army,Zap",61,37,24,0.6065573770491803,0.4811702438560874
"Dark Prince,Electro Wizard,Elite Barbarians,Goblin Giant,Heal Spirit,Rage,Sparky,Zap",464,241,223,0.5193965517241379,0.4739629210345118
"Arrows,Battle Healer,Electro Dragon,Elite Barbarians,Elixir Golem,Firecracker,Inferno Dragon,Rage",58,34,24,0.5862068965517241,0.4579817755925391
"Cannon,Dart Goblin,Goblin Barrel,Ice Spirit,Knight,Princess,Skeleton Army,The Log",66,38,28,0.5757575757575758,0.45560437087929284
"Archer Queen,Arrows,Bandit,Bats,Goblin Gang,Mega Knight,Prince,Wall Breakers",162,86,76,0.5308641975308642,0.4541919404938485
"Freeze,Goblin Barrel,Lumberjack,Mini P.E.K.K.A,Prince,Skeleton Army,The Log,Witch",81,45,36,0.5555555555555556,0.4472737929727802
"Elixir Collector,Elixir Golem,Executioner,Goblin Demolisher,Rascals,Skeleton Dragons,Vines,Witch",169,88,81,0.5207100591715976,0.44577014920024116
"Boss Bandit,Goblin Hut,Mini P.E.K.K.A,Royal Ghost,Skeleton Army,Suspicious Bush,Witch,Zap",122,65,57,0.5327868852459017,0.44460800036913284
"Balloon,Barbarian Barrel,Bowler,Electro Dragon,Freeze,Inferno Dragon,Lumberjack,Tornado",324,160,164,0.49382716049382713,0.43977905101623144
"Arrows,Firecracker,Goblin Gang,Guards,Hog Rider,Mighty Miner,Royal Recruits,Wall Breakers",374,182,192,0.48663101604278075,0.43636845769383725
"Ice Wizard,Knight,Rocket,Skeletons,Tesla,The Log,Tornado,X-Bow",61,34,27,0.5573770491803278,0.433031467004555
"Baby Dragon,Balloon,Barbarian Barrel,Bowler,Freeze,Inferno Dragon,Lumberjack,Tornado",55,31,24,0.5636363636363636,0.43269584078681317
"Cannon Cart,Firecracker,Flying Machine,Freeze,Furnace,Mega Knight,Mirror,Mother Witch",201,99,102,0.4925373134328358,0.424212124857486
"Cannon,Earthquake,Firecracker,Hog Rider,Ice Spirit,Mighty Miner,Skeletons,The Log",54,30,24,0.5555555555555556,0.4237541391136446
"Dart Goblin,Furnace,Golden Knight,Ice Wizard,Prince,Rage,Ram Rider,Valkyrie",206,101,105,0.49029126213592233,0.4228295786682513
"Barbarians,Battle Ram,Bomber,Electro Dragon,Goblin Gang,Magic Archer,Skeleton King,Wall Breakers",152,76,76,0.5,0.4214973393163167
"Dart Goblin,Fire Spirit,Ice Spirit,Skeleton Army,Skeleton Barrel,Skeleton King,Suspicious Bush,Vines",423,198,225,0.46808510638297873,0.4210338760215663
"Baby Dragon,Barbarians,Furnace,Golem,Hog Rider,Valkyrie,Wizard,Zap",107,55,52,0.514018691588785,0.42048422635928223
"Balloon,Dark Prince,Executioner,Goblin Cage,Goblin Curse,Golden Knight,Skeleton Dragons,Witch",62,33,29,0.532258064516129,0.4098381737584801
"Goblin Barrel,Goblin Gang,Hog Rider,Princess,Tesla,The Log,Valkyrie,Witch",60,32,28,0.5333333333333333,0.4089320867113511
"Arrows,Cannon Cart,Goblin Gang,Ice Wizard,Mortar,Skeleton Barrel,Skeleton King,Spear Goblins",365,167,198,0.4575342465753425,0.4071312749227459
"Bats,Goblin Gang,Inferno Dragon,Mega Knight,Miner,Skeleton Barrel,Spear Goblins,Zap",228,107,121,0.4692982456140351,0.40556427939577716
"Arrows,Bowler,Giant,Giant Snowball,Graveyard,Mini P.E.K.K.A,Minions,Witch",174,83,91,0.47701149425287354,0.40409729719014553
"Barbarian Barrel,Cannon Cart,Fireball,Goblins,Minions,Mortar,Rascals,Skeleton Barrel",657,287,370,0.4368340943683409,0.39938279017822764
"Baby Dragon,Hunter,Lumberjack,Mega Knight,Prince,Royal Ghost,Witch,Wizard",98,48,50,0.4897959183673469,0.3930904002751632
"Goblin Barrel,Goblin Gang,Ice Spirit,Inferno Tower,Knight,Princess,Rocket,The Log",1184,495,689,0.41807432432432434,0.3902877416180121
"Arrows,Barbarian Barrel,Electro Spirit,Flying Machine,Goblin Cage,Royal Hogs,Royal Recruits,Zappies",179,81,98,0.45251396648044695,0.3813573094900318
"Goblin Curse,Golem,Inferno Dragon,Miner,Night Witch,Skeleton Army,Skeleton King,Zap",336,145,191,0.43154761904761907,0.3796559256867522
"Barbarian Barrel,Bomb Tower,Dart Goblin,Rascals,Royal Ghost,Skeleton Barrel,Vines,Wall Breakers",129,59,70,0.4573643410852713,0.3738705997843074
"Bowler,Dark Prince,Elite Barbarians,Firecracker,Golden Knight,Guards,Mini P.E.K.K.A,Royal Delivery",106,49,57,0.46226415094339623,0.37033458798877916
"Bomber,Dark Prince,Electro Giant,Goblin Cage,Inferno Dragon,Lightning,Mother Witch,Tornado",204,89,115,0.4362745098039216,0.37001977593609164
"Barbarian Barrel,Electro Spirit,Fireball,Fisherman,Hunter,Royal Ghost,Royal Giant,Skeletons",610,249,361,0.4081967213114754,0.36988476180325225
"Barbarian Barrel,Cannon,Earthquake,Electro Spirit,Firecracker,Hog Rider,Mighty Miner,Skeletons",158,70,88,0.4430379746835443,0.36784591671685
"Battle Healer,Dart Goblin,Goblins,Lumberjack,Mini P.E.K.K.A,Mother Witch,Rage,Tombstone",149,65,84,0.436241610738255,0.3592055906281176
"Executioner,Goblins,Hog Rider,Ice Spirit,Rocket,The Log,Tornado,Valkyrie",233,97,136,0.41630901287553645,0.35487106974124927
"Barbarians,Battle Healer,Electro Dragon,Elixir Collector,Golem,Inferno Dragon,Lumberjack,Tornado",266,108,158,0.40601503759398494,0.3487428005261857
"Bandit,Battle Ram,Dark Prince,Electro Wizard,Minions,P.E.K.K.A,Poison,Zap",108,47,61,0.4351851851851852,0.3454995455105564
"Archers,Electro Spirit,Fireball,Knight,Skeletons,Tesla,The Log,X-Bow",938,350,588,0.373134328358209,0.3427596555603426
"Arrows,Clone,Giant Skeleton,Goblin Barrel,Minion Horde,Skeleton Army,Sparky,Tesla",534,204,330,0.38202247191011235,0.3417926449312349
"Bandit,Battle Ram,Electro Wizard,Fireball,Magic Archer,P.E.K.K.A,Royal Ghost,Zap",671,252,419,0.37555886736214605,0.3397228028235615
"Arrows,Barbarian Barrel,Flying Machine,Goblin Cage,Golden Knight,Royal Hogs,Royal Recruits,Zappies",332,127,205,0.3825301204819277,0.33187726806343687
"Arrows,Bomber,Electro Wizard,Goblin Curse,Goblin Giant,Goblin Machine,P.E.K.K.A,Rage",351,133,218,0.3789173789173789,0.32973513347382494
"Arrows,Bowler,Giant,Giant Snowball,Graveyard,Guards,Minions,Witch",423,158,265,0.3735224586288416,0.3287549838676106
"Arrows,Fireball,Guards,Knight,Mini P.E.K.K.A,Minions,Royal Giant,Wizard",63,28,35,0.4444444444444444,0.3284690053363267
"Baby Dragon,Battle Healer,Elixir Collector,Golem,Mini P.E.K.K.A,Valkyrie,Vines,Zappies",568,207,361,0.3644366197183099,0.3258903009100756
"Arrows,Bomber,Bowler,Cannon,Electro Giant,Royal Recruits,Spirit Empress,Tornado",96,40,56,0.4166666666666667,0.3231140125768063
"Dark Prince,Guards,Inferno Dragon,Monk,Musketeer,Prince,Spirit Empress,Wizard",310,116,194,0.3741935483870968,0.32217250575253353
"Barbarian Barrel,Goblin Cage,Goblinstein,Graveyard,Guards,Ice Wizard,Poison,Valkyrie",84,35,49,0.4166666666666667,0.3171466976499569
"Balloon,Barbarian Barrel,Bomb Tower,Giant Snowball,Ice Golem,Miner,Musketeer,Skeletons",573,202,371,0.3525305410122164,0.31451184298362156
"Archer Queen,Cannon,Earthquake,Ice Spirit,Royal Delivery,Royal Hogs,Skeletons,The Log",771,267,504,0.3463035019455253,0.3135552066131099
"Elixir Golem,Executioner,Goblin Curse,Night Witch,Rage,Skeleton Army,Skeleton King,Void",421,150,271,0.35629453681710216,0.3120356881337616
"Bowler,Executioner,Freeze,Golden Knight,Graveyard,Inferno Dragon,Tornado,Zappies",389,139,250,0.35732647814910024,0.311312411560848
"Bandit,Bats,Fisherman,Royal Ghost,Skeleton Army,Suspicious Bush,Vines,Wall Breakers",61,26,35,0.4262295081967213,0.31015028557967433
"Baby Dragon,Boss Bandit,Giant,Musketeer,P.E.K.K.A,Prince,Skeleton Dragons,Sparky",97,39,58,0.4020618556701031,0.31002040253768065
"Archers,Dart Goblin,Electro Wizard,Goblinstein,Golem,Heal Spirit,Princess,Wizard",155,59,96,0.38064516129032255,0.30796671974420337
"Baby Dragon,Bats,Bowler,Fire Spirit,Hog Rider,Rage,Spear Goblins,Wizard",160,60,100,0.375,0.3037420039328711
"Bandit,Dark Prince,Electro Wizard,Firecracker,Goblin Drill,Royal Ghost,Royal Recruits,Wall Breakers",63,26,37,0.4126984126984127,0.2995827804043615
"Electro Spirit,Fisherman,Giant Snowball,Monk,Ram Rider,Skeletons,Tombstone,Witch",52,22,30,0.4230769230769231,0.2986784790886045
"Archer Queen,Giant Skeleton,Little Prince,Mega Knight,Mother Witch,P.E.K.K.A,Spirit Empress,Three Musketeers",190,69,121,0.3631578947368421,0.29811439339814527
"Bowler,Clone,Giant Skeleton,Mega Knight,Mirror,P.E.K.K.A,Three Musketeers,Wizard",161,59,102,0.36645962732919257,0.2959491438185864
"Baby Dragon,Barbarian Barrel,Golem,Lightning,Lumberjack,Mega Minion,Night Witch,Tornado",230,81,149,0.3521739130434783,0.29333292094574054
"Bomb Tower,Dart Goblin,Goblins,Rascals,Royal Ghost,Skeleton Barrel,Vines,Wall Breakers",73,29,44,0.3972602739726027,0.29286528165068365
"Electro Giant,Elite Barbarians,Firecracker,Golden Knight,Inferno Dragon,Lightning,Rage,Witch",82,32,50,0.3902439024390244,0.2918451685297084
"Arrows,Clone,Giant Skeleton,Lumberjack,Mega Minion,Mirror,Musketeer,Witch",165,59,106,0.3575757575757576,0.2884481904837394
"Baby Dragon,Bomber,Clone,Giant Skeleton,Goblin Demolisher,Mega Knight,Mortar,P.E.K.K.A",54,22,32,0.4074074074074074,0.2867801518924045
"Bomb Tower,Bomber,Dark Prince,Firecracker,Ice Golem,Mega Knight,Prince,Wizard",143,51,92,0.35664335664335667,0.28282576415035254
"Boss Bandit,Executioner,Freeze,Furnace,Giant Snowball,Guards,Hog Rider,Royal Ghost",316,105,211,0.3322784810126582,0.2826313785967871
"Archers,Electro Dragon,Giant Skeleton,Giant Snowball,Mega Minion,Mini P.E.K.K.A,Prince,Zap",197,68,129,0.34517766497461927,0.2823198699930863
"Balloon,Electro Giant,Elite Barbarians,Executioner,Mega Knight,Minion Horde,Skeleton Army,Sparky",150,53,97,0.35333333333333333,0.28137142404545956
"Barbarians,Goblin Gang,Mini P.E.K.K.A,Phoenix,Prince,Rocket,Royal Giant,Valkyrie",50,20,30,0.4,0.27608189786245746
"Barbarian Barrel,Battle Healer,Electro Dragon,Elixir Collector,Golem,Lumberjack,Skeleton Dragons,Tornado",300,98,202,0.32666666666666666,0.2760775592234982
"Cannon,Electro Dragon,Firecracker,Furnace,Goblin Barrel,Golden Knight,Prince,Ram Rider",195,66,129,0.3384615384615385,0.2757374096311208
"Balloon,Barbarians,Firecracker,Mega Knight,Royal Giant,Void,Witch,Wizard",186,63,123,0.3387096774193548,0.27457039577865555
"Berserker,Cannon,Furnace,Giant Snowball,Goblin Drill,Poison,Royal Delivery,Skeletons",100,36,64,0.36,0.2727107459049014
"Bats,Dart Goblin,Elixir Golem,Firecracker,Furnace,Poison,Ram Rider,Skeleton Army",178,60,118,0.33707865168539325,0.2717265797254999
"Barbarian Barrel,Goblin Hut,Graveyard,Ice Wizard,Poison,Valkyrie,Vines,Witch",152,52,100,0.34210526315789475,0.27141022759894745
"Bats,Dart Goblin,Golden Knight,Mighty Miner,Rage,Skeleton Army,Skeleton Barrel,Tombstone",60,23,37,0.38333333333333336,0.2708808958488825
"Elite Barbarians,Elixir Golem,Freeze,Goblin Barrel,Mega Knight,Royal Giant,Witch,Wizard",88,32,56,0.36363636363636365,0.2707914560503069
"Balloon,Executioner,Goblin Giant,Mega Minion,Mini P.E.K.K.A,Sparky,Tombstone,Zap",89,32,57,0.3595505617977528,0.2675763432047396
"Arrows,Bomber,Elite Barbarians,Golem,Lumberjack,Mega Minion,Night Witch,Zap",64,24,40,0.375,0.26665803888105327
"Boss Bandit,Elixir Golem,Goblin Hut,Mega Knight,Mother Witch,Princess,Witch,Wizard",246,78,168,0.3170731707317073,0.26211541162676577
"Barbarian Barrel,Fireball,Heal Spirit,Hunter,Ice Golem,Royal Ghost,Royal Hogs,Three Musketeers",106,36,70,0.33962264150943394,0.2564882375971125
"Balloon,Elite Barbarians,Freeze,Mini P.E.K.K.A,Minion Horde,Prince,Rage,Wizard",228,70,158,0.30701754385964913,0.25075427538361783
"Archers,Bats,Berserker,Bomber,Dark Prince,Electro Wizard,Prince,Princess",52,19,33,0.36538461538461536,0.2480051371130184
"Boss Bandit,Dart Goblin,Fire Spirit,Ice Spirit,Spear Goblins,Suspicious Bush,The Log,Wall Breakers",113,37,76,0.3274336283185841,0.2478268677241881
"Baby Dragon,Barbarian Barrel,Graveyard,Ice Wizard,Poison,Tombstone,Tornado,Valkyrie",299,88,211,0.29431438127090304,0.24552863712430317
"Balloon,Fireball,Lava Hound,Skeleton Dragons,Spirit Empress,Tombstone,Valkyrie,Zap",126,40,86,0.31746031746031744,0.24261135956276217
"Electro Spirit,Fisherman,Guards,Hunter,Lightning,Monk,Royal Giant,The Log",346,98,248,0.2832369942196532,0.23834196158580823
"Barbarians,Elixir Golem,Firecracker,Goblin Demolisher,Golden Knight,Mirror,Rascals,Witch",54,19,35,0.35185185185185186,0.23822831722420018
"Baby Dragon,Boss Bandit,Mini P.E.K.K.A,Mirror,Skeleton Army,Spirit Empress,Vines,Witch",73,24,49,0.3287671232876712,0.2319433057283529
"Bats,Boss Bandit,Goblin Barrel,Goblin Curse,Ice Golem,Night Witch,Royal Hogs,Valkyrie",177,52,125,0.2937853107344633,0.23163342831155484
"Balloon,Freeze,Giant Skeleton,Inferno Tower,Mega Knight,Minion Horde,Skeleton Army,Sparky",99,31,68,0.31313131313131315,0.23020651977353204
"Barbarian Barrel,Berserker,Furnace,Goblin Hut,Graveyard,Poison,Valkyrie,Vines",146,43,103,0.2945205479452055,0.2266126552337415
"Arrows,Barbarians,Bats,Elixir Golem,Firecracker,Magic Archer,Mirror,Witch",94,29,65,0.30851063829787234,0.2241995789114178
"Arrows,Balloon,Guards,Lava Hound,Lightning,Mega Minion,Minions,Tombstone",251,69,182,0.2749003984063745,0.22337271757816302
"Arrows,Barbarians,Dark Prince,Executioner,Hog Rider,Mini P.E.K.K.A,Skeleton Dragons,Tombstone",61,20,41,0.32786885245901637,0.2233495518172607
"Arrows,Electro Dragon,Elixir Golem,Goblin Curse,Night Witch,P.E.K.K.A,Rage,Skeleton King",72,23,49,0.3194444444444444,0.2232545704855647
"Arrows,Baby Dragon,Barbarians,Inferno Dragon,Mega Knight,Skeleton Army,Valkyrie,Wizard",87,27,60,0.3103448275862069,0.22289014167438978
"Clone,Elixir Collector,Goblinstein,Lumberjack,Mirror,Night Witch,Skeleton Barrel,Tornado",69,22,47,0.3188405797101449,0.2209460520472577
"Balloon,Fireball,Lava Hound,Mega Minion,Skeleton Dragons,Tombstone,Valkyrie,Zap",51,17,34,0.3333333333333333,0.21969755762722828
"Giant Snowball,Heal Spirit,Hunter,Mega Knight,Mini P.E.K.K.A,Prince,Valkyrie,Zap",97,29,68,0.29896907216494845,0.2169450276013339
"Baby Dragon,Balloon,Battle Healer,Fireball,Freeze,Ice Golem,Mini P.E.K.K.A,Mother Witch",76,23,53,0.3026315789473684,0.21091189301319777
"Bomber,Dart Goblin,Magic Archer,Mega Knight,Prince,Princess,Witch,Wizard",101,29,72,0.2871287128712871,0.20797514306988282
"Berserker,Bowler,Firecracker,Giant Snowball,Minions,Monk,Night Witch,Three Musketeers",54,17,37,0.3148148148148148,0.20679114289098216
"Balloon,Dark Prince,Furnace,Goblin Demolisher,Lightning,Mega Knight,Minion Horde,Musketeer",70,21,49,0.3,0.20536456738510148
"Battle Ram,Dark Prince,Mini P.E.K.K.A,Minion Horde,Mother Witch,Prince,Skeleton King,Wizard",67,20,47,0.29850746268656714,0.20231361154976887
"Dark Prince,Elixir Collector,Golden Knight,Minions,Mirror,Princess,Witch,Wizard",84,24,60,0.2857142857142857,0.20014898610655452
"Arrows,Bomber,Freeze,Mega Knight,Mega Minion,Mini P.E.K.K.A,Suspicious Bush,Zappies",56,17,39,0.30357142857142855,0.19900164620775923
"Barbarians,Flying Machine,Goblin Curse,Lava Hound,Miner,Phoenix,Tombstone,Zap",89,25,64,0.2808988764044944,0.19809358040575942
"Archers,Furnace,Guards,Inferno Dragon,Lightning,Mortar,Ram Rider,Spear Goblins",73,21,52,0.2876712328767123,0.19651589092755167
"Baby Dragon,Barbarians,Battle Ram,Goblin Hut,Inferno Dragon,Mini P.E.K.K.A,Rocket,Royal Giant",156,40,116,0.2564102564102564,0.1943186788273458
"Firecracker,Goblins,Hog Rider,Hunter,Little Prince,Musketeer,Spear Goblins,Valkyrie",66,19,47,0.2878787878787879,0.19271802784703906
"Bats,Bomber,Dart Goblin,Hog Rider,Lumberjack,Mighty Miner,Valkyrie,Witch",67,19,48,0.2835820895522388,0.18970136157200854
"Barbarians,Inferno Tower,Mega Knight,Mighty Miner,Mortar,Phoenix,Princess,Skeleton Dragons",76,21,55,0.27631578947368424,0.18840105352742306
"Cannon,Fisherman,Giant Snowball,Guards,Knight,Mortar,Musketeer,Void",52,15,37,0.28846153846153844,0.18329802341828694
"Mini P.E.K.K.A,Minion Horde,Minions,Poison,Ram Rider,Royal Giant,Skeleton Barrel,Tombstone",366,81,285,0.22131147540983606,0.18179840957136947
"Bowler,Elixir Collector,Fire Spirit,Firecracker,Heal Spirit,Mighty Miner,Valkyrie,Vines",213,48,165,0.22535211267605634,0.17439346083088694
"Balloon,Barbarians,Cannon Cart,Firecracker,Goblin Gang,Lumberjack,Mighty Miner,Wizard",59,16,43,0.2711864406779661,0.17436824992508337
"Executioner,Hunter,Ice Wizard,Miner,Ram Rider,Skeleton Army,Valkyrie,Vines",83,21,62,0.25301204819277107,0.1718510550063121
"Bandit,Firecracker,Giant Skeleton,Little Prince,Lumberjack,Poison,Sparky,Wizard",60,16,44,0.26666666666666666,0.17132496487078855
"Battle Ram,Electro Wizard,Mirror,Mother Witch,P.E.K.K.A,Ram Rider,Sparky,Wizard",75,19,56,0.25333333333333335,0.1685991964794815
"Bomber,Electro Wizard,Guards,Lightning,Mega Knight,Mini P.E.K.K.A,Ram Rider,Void",66,17,49,0.25757575757575757,0.1674870734589668
"Barbarian Barrel,Goblin Cage,Graveyard,Ice Wizard,Knight,Poison,Vines,Witch",100,24,76,0.24,0.16691211265459965
"Bowler,Electro Spirit,Goblin Barrel,Goblin Cage,Guards,Magic Archer,Mega Minion,Princess",77,19,58,0.24675324675324675,0.1640394822845753
"Dart Goblin,Goblin Drill,Goblin Giant,Inferno Tower,Poison,Rascals,Tornado,Witch",82,20,62,0.24390243902439024,0.1637976208028234
"Cannon,Fire Spirit,Giant Snowball,Goblin Demolisher,Goblin Drill,Knight,Poison,Skeletons",73,18,55,0.2465753424657534,0.16204336317654705
"Archers,Bats,Flying Machine,Miner,P.E.K.K.A,Rune Giant,Vines,Witch",79,19,60,0.24050632911392406,0.15972056887933211
"Electro Giant,Elixir Collector,Furnace,Giant Snowball,Mega Minion,Mother Witch,Princess,Witch",62,15,47,0.24193548387096775,0.1524576368094854
"Bats,Berserker,Bomb Tower,Fire Spirit,Magic Archer,Miner,Royal Delivery,Wall Breakers",822,136,686,0.1654501216545012,0.14161507804870546
"Boss Bandit,Clone,Elixir Collector,Giant Skeleton,Golem,Lumberjack,Magic Archer,Musketeer",73,16,57,0.2191780821917808,0.13966002654277956
"Baby Dragon,Barbarian Barrel,Bowler,Graveyard,Ice Wizard,Poison,Tombstone,Tornado",62,14,48,0.22580645161290322,0.13955057139297952
"Balloon,Clone,Elixir Golem,Minion Horde,Mirror,Poison,Three Musketeers,Witch",210,39,171,0.18571428571428572,0.1389334294828914
"Battle Healer,Earthquake,Goblin Cage,Graveyard,Heal Spirit,Mega Knight,Mini P.E.K.K.A,Princess",64,14,50,0.21875,0.13502197461349752
"Boss Bandit,Dark Prince,Furnace,Goblin Machine,Mega Minion,Minion Horde,Void,Zap",50,11,39,0.22,0.1275378622430229
"Bats,Berserker,Cannon,Elixir Golem,Firecracker,Furnace,Little Prince,Miner",84,16,68,0.19047619047619047,0.12078595196346183
"Bomb Tower,Knight,Magic Archer,Miner,Spear Goblins,The Log,Tornado,Wall Breakers",770,108,662,0.14025974025974025,0.11751354819758053
"Barbarian Hut,Elite Barbarians,Freeze,Furnace,Mirror,Rocket,Royal Hogs,Royal Recruits",85,15,70,0.17647058823529413,0.10996266956209358
"Balloon,Barbarian Hut,Clone,Elite Barbarians,Executioner,Minion Horde,Rage,Three Musketeers",79,14,65,0.17721518987341772,0.10860327950089017
"Balloon,Bats,Bomber,Fire Spirit,Rage,Royal Giant,Spear Goblins,Vines",416,50,366,0.1201923076923077,0.09236796002030997
"Electro Spirit,Fire Spirit,Goblin Curse,Inferno Dragon,Lava Hound,Mighty Miner,Suspicious Bush,Void",51,8,43,0.1568627450980392,0.08169125888021325
"Elite Barbarians,Freeze,Furnace,Lightning,Minion Horde,Ram Rider,Royal Giant,Valkyrie",52,8,44,0.15384615384615385,0.08007589590882648
"Arrows,Giant,Goblin Hut,Minions,Poison,Prince,Spear Goblins,Valkyrie",58,8,50,0.13793103448275862,0.07158401626482183
"Balloon,Battle Healer,Elite Barbarians,Firecracker,Freeze,Inferno Dragon,Mirror,Rage",60,8,52,0.13333333333333333,0.06914026978309641
"Arrows,Balloon,Battle Healer,Goblin Demolisher,Graveyard,Royal Delivery,Royal Giant,Void",199,20,179,0.10050251256281408,0.06600484373320106
"Battle Healer,Electro Dragon,Elixir Collector,Firecracker,Goblin Cage,Golem,Mirror,Poison",57,6,51,0.10526315789473684,0.04914398953912691
"Bats,Dart Goblin,Elixir Collector,Elixir Golem,Rage,Three Musketeers,Tornado,Vines",66,6,60,0.09090909090909091,0.04233239859139771
"Barbarians,Elixir Collector,Golem,Mirror,Rocket,Royal Hogs,Three Musketeers,X-Bow",55,4,51,0.07272727272727272,0.028643596503688543
